-- HR Database Management System - Sample Data
-- This file contains sample data with 10+ records for each table

-- Insert JobTitles (Table 3)
INSERT INTO JobTitles (JobTitleName, MinSalary, MaxSalary) VALUES
('CEO', 150000.00, 300000.00),
('CTO', 120000.00, 250000.00),
('CFO', 120000.00, 250000.00),
('VP Engineering', 100000.00, 200000.00),
('VP Sales', 100000.00, 200000.00),
('VP Marketing', 90000.00, 180000.00),
('Senior Software Engineer', 80000.00, 150000.00),
('Software Engineer', 60000.00, 120000.00),
('Junior Software Engineer', 45000.00, 80000.00),
('Product Manager', 70000.00, 140000.00),
('Project Manager', 65000.00, 130000.00),
('Business Analyst', 55000.00, 110000.00),
('HR Manager', 60000.00, 120000.00),
('HR Specialist', 45000.00, 90000.00),
('Sales Manager', 60000.00, 120000.00),
('Sales Representative', 40000.00, 80000.00),
('Marketing Manager', 55000.00, 110000.00),
('Marketing Specialist', 40000.00, 80000.00),
('Finance Manager', 65000.00, 130000.00),
('Accountant', 45000.00, 90000.00),
('Data Scientist', 70000.00, 140000.00),
('DevOps Engineer', 65000.00, 130000.00),
('QA Engineer', 50000.00, 100000.00),
('UI/UX Designer', 55000.00, 110000.00);

-- Insert Departments (Table 2)
INSERT INTO Departments (DepartmentName, Location) VALUES
('Executive', 'Floor 10'),
('Engineering', 'Floor 5'),
('Sales', 'Floor 3'),
('Marketing', 'Floor 4'),
('Human Resources', 'Floor 2'),
('Finance', 'Floor 6'),
('Product', 'Floor 7'),
('Operations', 'Floor 8'),
('Research & Development', 'Floor 9'),
('Customer Support', 'Floor 1'),
('Legal', 'Floor 11'),
('Quality Assurance', 'Floor 5'),
('Business Development', 'Floor 3'),
('IT Support', 'Floor 2'),
('Data Analytics', 'Floor 6');

-- Insert Employees (Table 1) - First batch
INSERT INTO Employees (FirstName, LastName, Gender, DOB, Email, Phone, HireDate, JobTitleID, DepartmentID, ManagerID, Salary) VALUES
('John', 'Smith', 'M', '1980-05-15', 'john.smith@company.com', '555-0101', '2015-03-01', 1, 1, NULL, 200000.00),
('Sarah', 'Johnson', 'F', '1982-08-22', 'sarah.johnson@company.com', '555-0102', '2016-01-15', 2, 1, 1, 180000.00),
('Michael', 'Brown', 'M', '1978-12-10', 'michael.brown@company.com', '555-0103', '2015-06-20', 3, 1, 1, 175000.00),
('Emily', 'Davis', 'F', '1985-03-28', 'emily.davis@company.com', '555-0104', '2017-02-10', 4, 2, 2, 140000.00),
('David', 'Wilson', 'M', '1983-07-14', 'david.wilson@company.com', '555-0105', '2016-08-05', 5, 3, 1, 130000.00),
('Lisa', 'Anderson', 'F', '1987-11-30', 'lisa.anderson@company.com', '555-0106', '2018-04-12', 6, 4, 1, 120000.00),
('Robert', 'Taylor', 'M', '1981-09-18', 'robert.taylor@company.com', '555-0107', '2017-09-01', 7, 2, 4, 110000.00),
('Jennifer', 'Martinez', 'F', '1986-01-25', 'jennifer.martinez@company.com', '555-0108', '2018-07-15', 8, 2, 4, 85000.00),
('Christopher', 'Garcia', 'M', '1989-06-08', 'christopher.garcia@company.com', '555-0109', '2019-03-20', 9, 2, 4, 65000.00),
('Amanda', 'Rodriguez', 'F', '1984-04-12', 'amanda.rodriguez@company.com', '555-0110', '2017-11-08', 10, 7, 1, 95000.00);

-- Insert more employees
INSERT INTO Employees (FirstName, LastName, Gender, DOB, Email, Phone, HireDate, JobTitleID, DepartmentID, ManagerID, Salary) VALUES
('James', 'Miller', 'M', '1988-02-19', 'james.miller@company.com', '555-0111', '2019-01-10', 11, 8, 1, 90000.00),
('Michelle', 'Thompson', 'F', '1983-10-05', 'michelle.thompson@company.com', '555-0112', '2016-12-03', 12, 6, 3, 80000.00),
('Daniel', 'White', 'M', '1990-07-22', 'daniel.white@company.com', '555-0113', '2020-05-18', 13, 5, 1, 75000.00),
('Jessica', 'Lee', 'F', '1986-12-14', 'jessica.lee@company.com', '555-0114', '2018-08-22', 14, 5, 13, 55000.00),
('Matthew', 'Clark', 'M', '1987-03-30', 'matthew.clark@company.com', '555-0115', '2019-06-14', 15, 3, 5, 90000.00),
('Nicole', 'Lewis', 'F', '1989-08-08', 'nicole.lewis@company.com', '555-0116', '2020-02-28', 16, 3, 15, 55000.00),
('Andrew', 'Hall', 'M', '1985-11-25', 'andrew.hall@company.com', '555-0117', '2017-04-05', 17, 4, 6, 85000.00),
('Stephanie', 'Young', 'F', '1991-01-17', 'stephanie.young@company.com', '555-0118', '2020-09-12', 18, 4, 17, 60000.00),
('Kevin', 'King', 'M', '1982-06-03', 'kevin.king@company.com', '555-0119', '2016-10-20', 19, 6, 3, 95000.00),
('Rachel', 'Wright', 'F', '1988-09-11', 'rachel.wright@company.com', '555-0120', '2019-12-01', 20, 6, 19, 65000.00);

-- Insert more employees for complete coverage
INSERT INTO Employees (FirstName, LastName, Gender, DOB, Email, Phone, HireDate, JobTitleID, DepartmentID, ManagerID, Salary) VALUES
('Thomas', 'Lopez', 'M', '1984-05-29', 'thomas.lopez@company.com', '555-0121', '2018-03-15', 21, 2, 4, 110000.00),
('Lauren', 'Hill', 'F', '1990-12-07', 'lauren.hill@company.com', '555-0122', '2020-07-08', 22, 2, 4, 95000.00),
('Ryan', 'Scott', 'M', '1986-04-16', 'ryan.scott@company.com', '555-0123', '2019-01-25', 23, 12, 4, 75000.00),
('Ashley', 'Green', 'F', '1987-07-23', 'ashley.green@company.com', '555-0124', '2019-11-30', 24, 2, 4, 80000.00),
('Brandon', 'Adams', 'M', '1989-02-14', 'brandon.adams@company.com', '555-0125', '2020-04-17', 25, 2, 4, 70000.00);

-- Update Departments with HeadID (after employees are inserted)
UPDATE Departments SET HeadID = 1 WHERE DepartmentID = 1;
UPDATE Departments SET HeadID = 2 WHERE DepartmentID = 2;
UPDATE Departments SET HeadID = 3 WHERE DepartmentID = 3;
UPDATE Departments SET HeadID = 4 WHERE DepartmentID = 4;
UPDATE Departments SET HeadID = 5 WHERE DepartmentID = 5;
UPDATE Departments SET HeadID = 6 WHERE DepartmentID = 6;
UPDATE Departments SET HeadID = 7 WHERE DepartmentID = 7;
UPDATE Departments SET HeadID = 8 WHERE DepartmentID = 8;
UPDATE Departments SET HeadID = 9 WHERE DepartmentID = 9;
UPDATE Departments SET HeadID = 10 WHERE DepartmentID = 10;
UPDATE Departments SET HeadID = 11 WHERE DepartmentID = 11;
UPDATE Departments SET HeadID = 12 WHERE DepartmentID = 12;
UPDATE Departments SET HeadID = 13 WHERE DepartmentID = 13;
UPDATE Departments SET HeadID = 14 WHERE DepartmentID = 14;
UPDATE Departments SET HeadID = 15 WHERE DepartmentID = 15;

-- Insert Projects (Table 4)
INSERT INTO Projects (ProjectName, DepartmentID, StartDate, EndDate, Budget) VALUES
('E-commerce Platform Redesign', 2, '2024-01-15', '2024-12-31', 500000.00),
('Mobile App Development', 2, '2024-03-01', '2024-11-30', 300000.00),
('Cloud Migration Project', 2, '2024-02-01', '2024-10-31', 400000.00),
('Sales CRM Implementation', 3, '2024-01-01', '2024-08-31', 250000.00),
('Marketing Automation Tool', 4, '2024-02-15', '2024-09-30', 200000.00),
('HR Management System', 5, '2024-01-10', '2024-07-31', 150000.00),
('Financial Reporting Dashboard', 6, '2024-03-15', '2024-12-31', 180000.00),
('Product Analytics Platform', 7, '2024-02-01', '2024-11-30', 220000.00),
('Operations Optimization', 8, '2024-01-20', '2024-10-31', 120000.00),
('R&D Innovation Lab', 9, '2024-03-01', '2024-12-31', 350000.00),
('Customer Support Portal', 10, '2024-02-10', '2024-08-31', 100000.00),
('Legal Document Management', 11, '2024-01-05', '2024-06-30', 80000.00),
('Quality Assurance Framework', 12, '2024-02-20', '2024-09-30', 160000.00),
('Business Development Strategy', 13, '2024-01-15', '2024-12-31', 90000.00),
('IT Infrastructure Upgrade', 14, '2024-03-10', '2024-11-30', 280000.00);

-- Insert EmployeeProjects (Table 5)
INSERT INTO EmployeeProjects (EmployeeID, ProjectID, Role, AllocationPercent) VALUES
(7, 1, 'Lead Developer', 100.00),
(8, 1, 'Developer', 80.00),
(9, 1, 'Developer', 60.00),
(7, 2, 'Architect', 40.00),
(8, 2, 'Developer', 100.00),
(21, 2, 'Developer', 100.00),
(22, 3, 'DevOps Engineer', 100.00),
(23, 3, 'QA Engineer', 80.00),
(24, 3, 'Developer', 70.00),
(15, 4, 'Project Manager', 100.00),
(16, 4, 'Business Analyst', 100.00),
(17, 5, 'Product Manager', 100.00),
(18, 5, 'Marketing Specialist', 100.00),
(13, 6, 'Project Manager', 100.00),
(14, 6, 'HR Specialist', 100.00),
(19, 7, 'Project Manager', 100.00),
(20, 7, 'Accountant', 100.00),
(10, 8, 'Product Manager', 100.00),
(21, 8, 'Data Scientist', 80.00),
(25, 8, 'Developer', 60.00),
(11, 9, 'Project Manager', 100.00),
(22, 9, 'DevOps Engineer', 60.00),
(7, 10, 'Technical Lead', 50.00),
(8, 10, 'Developer', 100.00),
(9, 10, 'Developer', 100.00),
(21, 10, 'Data Scientist', 100.00),
(22, 10, 'DevOps Engineer', 40.00),
(15, 11, 'Project Manager', 100.00),
(16, 11, 'Business Analyst', 100.00),
(23, 12, 'QA Engineer', 100.00),
(24, 12, 'UI/UX Designer', 100.00),
(25, 13, 'Developer', 100.00),
(7, 13, 'Technical Lead', 30.00),
(8, 13, 'Developer', 70.00),
(17, 14, 'Product Manager', 100.00),
(18, 14, 'Marketing Specialist', 100.00),
(22, 15, 'DevOps Engineer', 100.00),
(25, 15, 'Developer', 100.00);

-- Insert Attendance (Table 6) - Sample for first 10 employees for March 2024
INSERT INTO Attendance (EmployeeID, Date, CheckInTime, CheckOutTime, Status) VALUES
(1, '2024-03-01', '08:30:00', '17:30:00', 'Present'),
(1, '2024-03-04', '08:45:00', '17:15:00', 'Present'),
(1, '2024-03-05', '08:30:00', '17:30:00', 'Present'),
(1, '2024-03-06', '08:30:00', '17:30:00', 'Present'),
(1, '2024-03-07', '08:30:00', '17:30:00', 'Present'),
(1, '2024-03-08', '08:30:00', '17:30:00', 'Present'),
(1, '2024-03-11', '08:30:00', '17:30:00', 'Present'),
(1, '2024-03-12', '08:30:00', '17:30:00', 'Present'),
(1, '2024-03-13', '08:30:00', '17:30:00', 'Present'),
(1, '2024-03-14', '08:30:00', '17:30:00', 'Present'),
(1, '2024-03-15', '08:30:00', '17:30:00', 'Present'),
(2, '2024-03-01', '08:30:00', '17:30:00', 'Present'),
(2, '2024-03-04', '08:30:00', '17:30:00', 'Present'),
(2, '2024-03-05', '08:30:00', '17:30:00', 'Present'),
(2, '2024-03-06', '08:30:00', '17:30:00', 'Present'),
(2, '2024-03-07', '08:30:00', '17:30:00', 'Present'),
(2, '2024-03-08', '08:30:00', '17:30:00', 'Present'),
(2, '2024-03-11', '08:30:00', '17:30:00', 'Present'),
(2, '2024-03-12', '08:30:00', '17:30:00', 'Present'),
(2, '2024-03-13', '08:30:00', '17:30:00', 'Present'),
(2, '2024-03-14', '08:30:00', '17:30:00', 'Present'),
(2, '2024-03-15', '08:30:00', '17:30:00', 'Present'),
(3, '2024-03-01', '08:30:00', '17:30:00', 'Present'),
(3, '2024-03-04', '08:30:00', '17:30:00', 'Present'),
(3, '2024-03-05', '08:30:00', '17:30:00', 'Present'),
(3, '2024-03-06', '08:30:00', '17:30:00', 'Present'),
(3, '2024-03-07', '08:30:00', '17:30:00', 'Present'),
(3, '2024-03-08', '08:30:00', '17:30:00', 'Present'),
(3, '2024-03-11', '08:30:00', '17:30:00', 'Present'),
(3, '2024-03-12', '08:30:00', '17:30:00', 'Present'),
(3, '2024-03-13', '08:30:00', '17:30:00', 'Present'),
(3, '2024-03-14', '08:30:00', '17:30:00', 'Present'),
(3, '2024-03-15', '08:30:00', '17:30:00', 'Present'),
(4, '2024-03-01', '08:30:00', '17:30:00', 'Present'),
(4, '2024-03-04', '08:30:00', '17:30:00', 'Present'),
(4, '2024-03-05', '08:30:00', '17:30:00', 'Present'),
(4, '2024-03-06', '08:30:00', '17:30:00', 'Present'),
(4, '2024-03-07', '08:30:00', '17:30:00', 'Present'),
(4, '2024-03-08', '08:30:00', '17:30:00', 'Present'),
(4, '2024-03-11', '08:30:00', '17:30:00', 'Present'),
(4, '2024-03-12', '08:30:00', '17:30:00', 'Present'),
(4, '2024-03-13', '08:30:00', '17:30:00', 'Present'),
(4, '2024-03-14', '08:30:00', '17:30:00', 'Present'),
(4, '2024-03-15', '08:30:00', '17:30:00', 'Present'),
(5, '2024-03-01', '08:30:00', '17:30:00', 'Present'),
(5, '2024-03-04', '08:30:00', '17:30:00', 'Present'),
(5, '2024-03-05', '08:30:00', '17:30:00', 'Present'),
(5, '2024-03-06', '08:30:00', '17:30:00', 'Present'),
(5, '2024-03-07', '08:30:00', '17:30:00', 'Present'),
(5, '2024-03-08', '08:30:00', '17:30:00', 'Present'),
(5, '2024-03-11', '08:30:00', '17:30:00', 'Present'),
(5, '2024-03-12', '08:30:00', '17:30:00', 'Present'),
(5, '2024-03-13', '08:30:00', '17:30:00', 'Present'),
(5, '2024-03-14', '08:30:00', '17:30:00', 'Present'),
(5, '2024-03-15', '08:30:00', '17:30:00', 'Present');

-- Insert more attendance records for variety
INSERT INTO Attendance (EmployeeID, Date, CheckInTime, CheckOutTime, Status) VALUES
(6, '2024-03-01', '08:30:00', '17:30:00', 'Present'),
(6, '2024-03-04', '08:30:00', '17:30:00', 'Present'),
(6, '2024-03-05', '08:30:00', '17:30:00', 'Present'),
(6, '2024-03-06', '08:30:00', '17:30:00', 'Present'),
(6, '2024-03-07', '08:30:00', '17:30:00', 'Present'),
(6, '2024-03-08', '08:30:00', '17:30:00', 'Present'),
(6, '2024-03-11', '08:30:00', '17:30:00', 'Present'),
(6, '2024-03-12', '08:30:00', '17:30:00', 'Present'),
(6, '2024-03-13', '08:30:00', '17:30:00', 'Present'),
(6, '2024-03-14', '08:30:00', '17:30:00', 'Present'),
(6, '2024-03-15', '08:30:00', '17:30:00', 'Present'),
(7, '2024-03-01', '08:30:00', '17:30:00', 'Present'),
(7, '2024-03-04', '08:30:00', '17:30:00', 'Present'),
(7, '2024-03-05', '08:30:00', '17:30:00', 'Present'),
(7, '2024-03-06', '08:30:00', '17:30:00', 'Present'),
(7, '2024-03-07', '08:30:00', '17:30:00', 'Present'),
(7, '2024-03-08', '08:30:00', '17:30:00', 'Present'),
(7, '2024-03-11', '08:30:00', '17:30:00', 'Present'),
(7, '2024-03-12', '08:30:00', '17:30:00', 'Present'),
(7, '2024-03-13', '08:30:00', '17:30:00', 'Present'),
(7, '2024-03-14', '08:30:00', '17:30:00', 'Present'),
(7, '2024-03-15', '08:30:00', '17:30:00', 'Present'),
(8, '2024-03-01', '08:30:00', '17:30:00', 'Present'),
(8, '2024-03-04', '08:30:00', '17:30:00', 'Present'),
(8, '2024-03-05', '08:30:00', '17:30:00', 'Present'),
(8, '2024-03-06', '08:30:00', '17:30:00', 'Present'),
(8, '2024-03-07', '08:30:00', '17:30:00', 'Present'),
(8, '2024-03-08', '08:30:00', '17:30:00', 'Present'),
(8, '2024-03-11', '08:30:00', '17:30:00', 'Present'),
(8, '2024-03-12', '08:30:00', '17:30:00', 'Present'),
(8, '2024-03-13', '08:30:00', '17:30:00', 'Present'),
(8, '2024-03-14', '08:30:00', '17:30:00', 'Present'),
(8, '2024-03-15', '08:30:00', '17:30:00', 'Present'),
(9, '2024-03-01', '08:30:00', '17:30:00', 'Present'),
(9, '2024-03-04', '08:30:00', '17:30:00', 'Present'),
(9, '2024-03-05', '08:30:00', '17:30:00', 'Present'),
(9, '2024-03-06', '08:30:00', '17:30:00', 'Present'),
(9, '2024-03-07', '08:30:00', '17:30:00', 'Present'),
(9, '2024-03-08', '08:30:00', '17:30:00', 'Present'),
(9, '2024-03-11', '08:30:00', '17:30:00', 'Present'),
(9, '2024-03-12', '08:30:00', '17:30:00', 'Present'),
(9, '2024-03-13', '08:30:00', '17:30:00', 'Present'),
(9, '2024-03-14', '08:30:00', '17:30:00', 'Present'),
(9, '2024-03-15', '08:30:00', '17:30:00', 'Present'),
(10, '2024-03-01', '08:30:00', '17:30:00', 'Present'),
(10, '2024-03-04', '08:30:00', '17:30:00', 'Present'),
(10, '2024-03-05', '08:30:00', '17:30:00', 'Present'),
(10, '2024-03-06', '08:30:00', '17:30:00', 'Present'),
(10, '2024-03-07', '08:30:00', '17:30:00', 'Present'),
(10, '2024-03-08', '08:30:00', '17:30:00', 'Present'),
(10, '2024-03-11', '08:30:00', '17:30:00', 'Present'),
(10, '2024-03-12', '08:30:00', '17:30:00', 'Present'),
(10, '2024-03-13', '08:30:00', '17:30:00', 'Present'),
(10, '2024-03-14', '08:30:00', '17:30:00', 'Present'),
(10, '2024-03-15', '08:30:00', '17:30:00', 'Present');

-- Insert LeaveRequests (Table 7)
INSERT INTO LeaveRequests (EmployeeID, StartDate, EndDate, LeaveType, Status, ApprovedBy) VALUES
(8, '2024-03-18', '2024-03-19', 'Casual', 'Approved', 4),
(9, '2024-03-20', '2024-03-22', 'Vacation', 'Approved', 4),
(16, '2024-03-25', '2024-03-26', 'Sick', 'Approved', 15),
(18, '2024-04-01', '2024-04-05', 'Vacation', 'Pending', NULL),
(20, '2024-03-28', '2024-03-29', 'Casual', 'Approved', 19),
(21, '2024-04-10', '2024-04-12', 'Vacation', 'Pending', NULL),
(23, '2024-03-15', '2024-03-15', 'Sick', 'Approved', 4),
(24, '2024-04-15', '2024-04-19', 'Vacation', 'Pending', NULL),
(25, '2024-03-30', '2024-03-30', 'Casual', 'Approved', 4),
(14, '2024-04-08', '2024-04-10', 'Sick', 'Pending', NULL),
(7, '2024-05-01', '2024-05-03', 'Vacation', 'Pending', NULL),
(10, '2024-04-22', '2024-04-24', 'Casual', 'Pending', NULL),
(12, '2024-03-27', '2024-03-27', 'Sick', 'Approved', 3),
(15, '2024-05-06', '2024-05-10', 'Vacation', 'Pending', NULL),
(17, '2024-04-29', '2024-04-30', 'Casual', 'Pending', NULL);

-- Insert PerformanceReviews (Table 8)
INSERT INTO PerformanceReviews (EmployeeID, ReviewerID, ReviewDate, Rating, Comments) VALUES
(7, 4, '2024-01-15', 5, 'Excellent performance, consistently delivers high-quality code'),
(8, 4, '2024-01-20', 4, 'Good developer, shows initiative and learning ability'),
(9, 4, '2024-01-25', 3, 'Average performance, needs improvement in code quality'),
(10, 1, '2024-01-30', 4, 'Good product management skills, effective communication'),
(11, 1, '2024-02-05', 4, 'Strong project management capabilities'),
(12, 3, '2024-02-10', 3, 'Meets expectations, could improve analytical skills'),
(13, 1, '2024-02-15', 4, 'Good HR management, employee satisfaction improved'),
(14, 13, '2024-02-20', 4, 'Dedicated HR specialist, good interpersonal skills'),
(15, 1, '2024-02-25', 5, 'Excellent sales performance, exceeded targets'),
(16, 15, '2024-03-01', 3, 'Meets expectations, needs improvement in closing deals'),
(17, 1, '2024-03-05', 4, 'Good marketing strategies, creative approach'),
(18, 17, '2024-03-10', 4, 'Effective marketing execution, good team player'),
(19, 3, '2024-03-15', 4, 'Strong financial management, accurate reporting'),
(20, 19, '2024-03-20', 3, 'Meets expectations, could improve efficiency'),
(21, 4, '2024-03-25', 5, 'Outstanding data analysis skills, valuable insights'),
(22, 4, '2024-03-30', 4, 'Good DevOps skills, reliable infrastructure management'),
(23, 4, '2024-04-05', 4, 'Quality-focused QA engineer, thorough testing'),
(24, 4, '2024-04-10', 3, 'Good design skills, could improve user experience'),
(25, 4, '2024-04-15', 4, 'Solid development skills, good team collaboration');

-- Insert Payroll (Table 9) - Sample for Q1 2024
INSERT INTO Payroll (EmployeeID, Month, Year, BasicSalary, Allowances, Deductions, NetSalary) VALUES
(1, 1, 2024, 200000.00, 20000.00, 15000.00, 205000.00),
(1, 2, 2024, 200000.00, 20000.00, 15000.00, 205000.00),
(1, 3, 2024, 200000.00, 20000.00, 15000.00, 205000.00),
(2, 1, 2024, 180000.00, 18000.00, 13500.00, 184500.00),
(2, 2, 2024, 180000.00, 18000.00, 13500.00, 184500.00),
(2, 3, 2024, 180000.00, 18000.00, 13500.00, 184500.00),
(3, 1, 2024, 175000.00, 17500.00, 13125.00, 179375.00),
(3, 2, 2024, 175000.00, 17500.00, 13125.00, 179375.00),
(3, 3, 2024, 175000.00, 17500.00, 13125.00, 179375.00),
(4, 1, 2024, 140000.00, 14000.00, 10500.00, 143500.00),
(4, 2, 2024, 140000.00, 14000.00, 10500.00, 143500.00),
(4, 3, 2024, 140000.00, 14000.00, 10500.00, 143500.00),
(5, 1, 2024, 130000.00, 13000.00, 9750.00, 133250.00),
(5, 2, 2024, 130000.00, 13000.00, 9750.00, 133250.00),
(5, 3, 2024, 130000.00, 13000.00, 9750.00, 133250.00),
(6, 1, 2024, 120000.00, 12000.00, 9000.00, 123000.00),
(6, 2, 2024, 120000.00, 12000.00, 9000.00, 123000.00),
(6, 3, 2024, 120000.00, 12000.00, 9000.00, 123000.00),
(7, 1, 2024, 110000.00, 11000.00, 8250.00, 112750.00),
(7, 2, 2024, 110000.00, 11000.00, 8250.00, 112750.00),
(7, 3, 2024, 110000.00, 11000.00, 8250.00, 112750.00),
(8, 1, 2024, 85000.00, 8500.00, 6375.00, 87125.00),
(8, 2, 2024, 85000.00, 8500.00, 6375.00, 87125.00),
(8, 3, 2024, 85000.00, 8500.00, 6375.00, 87125.00),
(9, 1, 2024, 65000.00, 6500.00, 4875.00, 66625.00),
(9, 2, 2024, 65000.00, 6500.00, 4875.00, 66625.00),
(9, 3, 2024, 65000.00, 6500.00, 4875.00, 66625.00),
(10, 1, 2024, 95000.00, 9500.00, 7125.00, 97375.00),
(10, 2, 2024, 95000.00, 9500.00, 7125.00, 97375.00),
(10, 3, 2024, 95000.00, 9500.00, 7125.00, 97375.00);

-- Insert more payroll records for complete coverage
INSERT INTO Payroll (EmployeeID, Month, Year, BasicSalary, Allowances, Deductions, NetSalary) VALUES
(11, 1, 2024, 90000.00, 9000.00, 6750.00, 92250.00),
(11, 2, 2024, 90000.00, 9000.00, 6750.00, 92250.00),
(11, 3, 2024, 90000.00, 9000.00, 6750.00, 92250.00),
(12, 1, 2024, 80000.00, 8000.00, 6000.00, 82000.00),
(12, 2, 2024, 80000.00, 8000.00, 6000.00, 82000.00),
(12, 3, 2024, 80000.00, 8000.00, 6000.00, 82000.00),
(13, 1, 2024, 75000.00, 7500.00, 5625.00, 76875.00),
(13, 2, 2024, 75000.00, 7500.00, 5625.00, 76875.00),
(13, 3, 2024, 75000.00, 7500.00, 5625.00, 76875.00),
(14, 1, 2024, 55000.00, 5500.00, 4125.00, 56375.00),
(14, 2, 2024, 55000.00, 5500.00, 4125.00, 56375.00),
(14, 3, 2024, 55000.00, 5500.00, 4125.00, 56375.00),
(15, 1, 2024, 90000.00, 9000.00, 6750.00, 92250.00),
(15, 2, 2024, 90000.00, 9000.00, 6750.00, 92250.00),
(15, 3, 2024, 90000.00, 9000.00, 6750.00, 92250.00),
(16, 1, 2024, 55000.00, 5500.00, 4125.00, 56375.00),
(16, 2, 2024, 55000.00, 5500.00, 4125.00, 56375.00),
(16, 3, 2024, 55000.00, 5500.00, 4125.00, 56375.00),
(17, 1, 2024, 85000.00, 8500.00, 6375.00, 87125.00),
(17, 2, 2024, 85000.00, 8500.00, 6375.00, 87125.00),
(17, 3, 2024, 85000.00, 8500.00, 6375.00, 87125.00),
(18, 1, 2024, 60000.00, 6000.00, 4500.00, 61500.00),
(18, 2, 2024, 60000.00, 6000.00, 4500.00, 61500.00),
(18, 3, 2024, 60000.00, 6000.00, 4500.00, 61500.00),
(19, 1, 2024, 95000.00, 9500.00, 7125.00, 97375.00),
(19, 2, 2024, 95000.00, 9500.00, 7125.00, 97375.00),
(19, 3, 2024, 95000.00, 9500.00, 7125.00, 97375.00),
(20, 1, 2024, 65000.00, 6500.00, 4875.00, 66625.00),
(20, 2, 2024, 65000.00, 6500.00, 4875.00, 66625.00),
(20, 3, 2024, 65000.00, 6500.00, 4875.00, 66625.00);
